feature_block,zero_micro,zero_macro,sep_micro,sep_macro,joint_micro,joint_macro,delta_micro,delta_macro,delta_micro_pct,delta_macro_pct,skill_micro_sep,skill_micro_joint,skill_micro_delta,skill_macro_sep,skill_macro_joint,skill_macro_delta
F1,0.0005276024060639066,0.0005328628148414399,0.0005298496502119667,0.0005352058233510999,0.0005291449784042733,0.00053437138531924,-7.046718076933373e-07,-8.344380318600117e-07,-0.15375097909461494,-0.17571514639978222,-0.004865950927959428,-0.003309308856755999,0.001556642071203429,-0.004991950920367238,-0.00321156145779562,0.0017803894625716189
F2,0.0005272971059929267,0.0005326011364192533,0.0005346945780411534,0.0005402400413422066,0.00052889453200518,0.00053419301952386,-5.800046035973344e-06,-6.04702181834667e-06,-0.9920090419504942,-1.0298871166736088,-0.013484922634298614,-0.003400974047656069,0.010083948586642544,-0.013828078394010731,-0.0033547868001306083,0.010473291593880123
F3,0.0005256854536203734,0.0005349562349132068,0.00053049197354406,0.0005400328197402133,0.0005274812331341,0.0005367460282882999,-3.0107404099599985e-06,-3.2867914519133175e-06,-0.6142195724669324,-0.6471638240711084,-0.009954763054325284,-0.00374154698751689,0.006213216066808395,-0.010251280784019068,-0.0036973124553997335,0.006553968328619334
